,year,percent_
0,2018,44.02636908120913
1,2021,45.462332823749236
