,year,percent_
0,2018,41.59745584904745
1,2021,45.69779530683988
